{"ID":"CF5f178516e74f3","_last_updated":"Wed, 22 Jul 2020 00:43:40 +0000","cf_version":"1.9.1","name":"bookartist","scroll_top":0,"success":"Form has been successfully submitted. Thank you.\t\t\t\t\t\t\t\t\t","db_support":1,"pinned":0,"hide_form":1,"check_honey":1,"avatar_field":null,"form_ajax":1,"custom_callback":"","layout_grid":{"fields":{"fld_8158700":"1:1","fld_7598101":"1:2","fld_1191843":"2:1","fld_6162863":"2:2","fld_5658470":"3:1","fld_580295":"3:2","fld_2625659":"4:1","fld_9815699":"4:2","fld_4637991":"5:1","fld_90025":"5:2","fld_4617457":"6:1"},"structure":"6:6|6:6|6:6|6:6|6:6|12"},"fields":{"fld_8158700":{"ID":"fld_8158700","type":"text","label":"Name","slug":"name","conditions":{"type":""},"required":1,"caption":"","entry_list":1,"config":{"custom_class":"","placeholder":"","default":"","type_override":"text","mask":"","email_identifier":0,"personally_identifying":0}},"fld_7598101":{"ID":"fld_7598101","type":"date_picker","label":"Date of Event","slug":"date_of_event","conditions":{"type":""},"required":1,"caption":"","entry_list":1,"config":{"custom_class":"","default":"","format":"dd-mm-yyyy","start_view":"month","start_date":"","end_date":"","language":"","email_identifier":0,"personally_identifying":0}},"fld_1191843":{"ID":"fld_1191843","type":"text","label":"Company Name","slug":"company_name","conditions":{"type":""},"required":1,"caption":"","entry_list":1,"config":{"custom_class":"","placeholder":"","default":"","type_override":"text","mask":"","email_identifier":0,"personally_identifying":0}},"fld_6162863":{"ID":"fld_6162863","type":"text","label":"Event Venue\/City","slug":"event_venuecity","conditions":{"type":""},"required":1,"caption":"","entry_list":1,"config":{"custom_class":"","placeholder":"","default":"","type_override":"text","mask":"","email_identifier":0,"personally_identifying":0}},"fld_5658470":{"ID":"fld_5658470","type":"phone_better","label":"Phone Number","slug":"phone_number","conditions":{"type":""},"required":1,"caption":"","entry_list":1,"config":{"custom_class":"","placeholder":"","default":"","email_identifier":0,"personally_identifying":0}},"fld_580295":{"ID":"fld_580295","type":"text","label":"Event Type","slug":"event_type","conditions":{"type":""},"required":1,"caption":"","entry_list":1,"config":{"custom_class":"","placeholder":"","default":"","type_override":"text","mask":"","email_identifier":0,"personally_identifying":0}},"fld_2625659":{"ID":"fld_2625659","type":"email","label":"Email Id","slug":"email_id","conditions":{"type":""},"required":1,"caption":"","entry_list":1,"config":{"custom_class":"","placeholder":"","default":"","email_identifier":0,"personally_identifying":0}},"fld_9815699":{"ID":"fld_9815699","type":"dropdown","label":"Artist Type","slug":"artist_type","conditions":{"type":""},"required":1,"caption":"","entry_list":1,"config":{"custom_class":"","placeholder":"","default_option":"","auto_type":"","taxonomy":"category","post_type":"post","value_field":"name","orderby_tax":"name","orderby_post":"name","order":"ASC","default":"","option":{"opt1337420":{"calc_value":"Anchors","value":"Anchors","label":"Anchors"},"opt1710129":{"calc_value":"SIngers","value":"Singers","label":"Singers"},"opt1348346":{"calc_value":"Dancers","value":"Dancers","label":"Dancers"},"opt1832220":{"calc_value":"Comedians","value":"Comedians","label":"Comedians"},"opt1097064":{"calc_value":"Celebrities","value":"Celebrities","label":"Celebrities"},"opt1926868":{"calc_value":"TV Stars","value":"TV Stars","label":"TV Stars"}},"email_identifier":0,"personally_identifying":0}},"fld_4637991":{"ID":"fld_4637991","type":"text","label":"Address","slug":"address","conditions":{"type":""},"required":1,"caption":"","entry_list":1,"config":{"custom_class":"","placeholder":"","default":"","type_override":"text","mask":"","email_identifier":0,"personally_identifying":0}},"fld_90025":{"ID":"fld_90025","type":"text","label":"Artist Name","slug":"artist_name","conditions":{"type":""},"required":1,"caption":"","entry_list":1,"config":{"custom_class":"","placeholder":"","default":"","type_override":"text","mask":"","email_identifier":0,"personally_identifying":0}},"fld_4617457":{"ID":"fld_4617457","type":"button","label":"Submit","slug":"submit","conditions":{"type":""},"caption":"","config":{"custom_class":"","type":"submit","class":"btn btn-default","target":""}}},"page_names":["Page 1"],"mailer":{"on_insert":1,"sender_name":"Caldera Forms Notification","sender_email":"sarthakinaik97@gmail.com","reply_to":"","email_type":"html","recipients":"","bcc_to":"","email_subject":"bookartist","email_message":"{summary}"},"settings":{"responsive":{"break_point":"sm"}},"conditional_groups":{"conditions":[]},"processors":[],"privacy_exporter_enabled":false,"version":"1.9.1","db_id":"11","type":"primary"}