{"ID":"CF5f1b9632f19a4","_last_updated":"Sat, 25 Jul 2020 02:45:11 +0000","cf_version":"1.9.1","name":"Mailing List","scroll_top":0,"success":"Form has been successfully submitted. Thank you.\t\t\t\t\t\t","db_support":1,"pinned":0,"hide_form":1,"check_honey":1,"avatar_field":null,"form_ajax":1,"custom_callback":"","layout_grid":{"fields":{"fld_1276702":"1:1","fld_3918970":"1:1"},"structure":"12"},"fields":{"fld_1276702":{"ID":"fld_1276702","type":"email","label":"Email","slug":"email","conditions":{"type":""},"required":1,"caption":"","entry_list":1,"config":{"custom_class":"","placeholder":"Email","default":"","email_identifier":0,"personally_identifying":0}},"fld_3918970":{"ID":"fld_3918970","type":"button","label":"Subscribe","slug":"submit","conditions":{"type":""},"caption":"","config":{"custom_class":"","type":"submit","class":"btn btn-default","target":""}}},"page_names":["Page 1"],"mailer":{"on_insert":1,"sender_name":"Caldera Forms Notification","sender_email":"sarthakinaik97@gmail.com","reply_to":"","email_type":"html","recipients":"","bcc_to":"","email_subject":"Mailing List","email_message":"{summary}"},"settings":{"responsive":{"break_point":"sm"}},"conditional_groups":{"conditions":[]},"processors":[],"privacy_exporter_enabled":false,"version":"1.9.1","db_id":"23","type":"primary"}