{"ID":"CF5f1b5b815dc39","_last_updated":"Sat, 25 Jul 2020 01:30:42 +0000","cf_version":"1.9.1","name":"Partners","scroll_top":0,"success":"Form has been successfully submitted. Thank you.\t\t\t\t\t\t","db_support":1,"pinned":0,"hide_form":1,"check_honey":1,"avatar_field":null,"form_ajax":1,"custom_callback":"","layout_grid":{"fields":{"fld_9138246":"1:1","fld_7756592":"1:1","fld_6953951":"1:1","fld_7666804":"1:1","fld_8042599":"1:1","fld_4767338":"1:1","fld_743165":"1:1","fld_1599313":"1:1"},"structure":"12"},"fields":{"fld_9138246":{"ID":"fld_9138246","type":"text","label":"Your Name","slug":"your_name","conditions":{"type":""},"required":1,"caption":"","entry_list":1,"config":{"custom_class":"","placeholder":"Your Full Name","default":"","type_override":"text","mask":"","email_identifier":0,"personally_identifying":0}},"fld_7756592":{"ID":"fld_7756592","type":"email","label":"Your Email Address","slug":"your_email_address","conditions":{"type":""},"required":1,"caption":"","entry_list":1,"config":{"custom_class":"","placeholder":"Your Email","default":"","email_identifier":0,"personally_identifying":0}},"fld_6953951":{"ID":"fld_6953951","type":"phone_better","label":"Phone Number","slug":"contact_number","conditions":{"type":""},"required":1,"caption":"","entry_list":1,"config":{"custom_class":"","placeholder":"Your Phone Number","default":"","email_identifier":0,"personally_identifying":0}},"fld_7666804":{"ID":"fld_7666804","type":"url","label":"Website","slug":"website","conditions":{"type":""},"required":1,"caption":"","entry_list":1,"config":{"custom_class":"","placeholder":"Fill in your website URL","default":"","email_identifier":0,"personally_identifying":0}},"fld_8042599":{"ID":"fld_8042599","type":"url","label":"Company Facebook","slug":"company_facebook","conditions":{"type":""},"required":1,"caption":"","entry_list":1,"config":{"custom_class":"","placeholder":"Please mention your Facebook Link","default":"","email_identifier":0,"personally_identifying":0}},"fld_4767338":{"ID":"fld_4767338","type":"radio","label":"Business Into","slug":"business_into","conditions":{"type":""},"required":1,"caption":"","entry_list":1,"config":{"custom_class":"","default_option":"","auto_type":"","taxonomy":"category","post_type":"post","value_field":"name","orderby_tax":"name","orderby_post":"name","order":"ASC","default":"","option":{"opt1749161":{"calc_value":"Catering","value":"Catering","label":"Catering"},"opt1179541":{"calc_value":"Venue- Hotels, Banquets or Party Plots","value":"Venue- Hotels, Banquets or Party Plots","label":"Venue- Hotels, Banquets or Party Plots"},"opt1253597":{"calc_value":"Hampers","value":"Hampers","label":"Hampers"},"opt1530533":{"calc_value":"Manpower- Valets, Security, Hostesses, Bouncers, Event Team","value":"Manpower- Valets, Security, Hostesses, Bouncers, Event Team","label":"Manpower- Valets, Security, Hostesses, Bouncers, Event Team"},"opt1519087":{"calc_value":"Decor- Dropists, Venue Constructions, Florists, etc.","value":"Decor- Dropists, Venue Constructions, Florists, etc.","label":"Decor- Dropists, Venue Constructions, Florists, etc."},"opt1305787":{"calc_value":"Technical- Sound, Av, Lights, 3D, Mapping, etc.","value":"Technical- Sound, Av, Lights, 3D, Mapping, etc.","label":"Technical- Sound, Av, Lights, 3D, Mapping, etc."},"opt1570842":{"calc_value":"Entertainment- Agencies and Stand Alone Artists or Band","value":"Entertainment- Agencies and Stand Alone Artists or Band","label":"Entertainment- Agencies and Stand Alone Artists or Band"}},"email_identifier":0,"personally_identifying":0}},"fld_743165":{"ID":"fld_743165","type":"cf2_file","label":"Showreel Link","slug":"showreel_link","conditions":{"type":""},"caption":"","entry_list":1,"config":{"custom_class":"","multi_upload_text":"Drop Files or Click to Select Files","attach":1,"allowed":"","max_upload":"","preview_height":"","preview_width":"","email_identifier":0,"personally_identifying":0}},"fld_1599313":{"ID":"fld_1599313","type":"button","label":"Submit","slug":"submit","conditions":{"type":""},"caption":"","config":{"custom_class":"","type":"submit","class":"btn btn-default","target":""}}},"page_names":["Page 1"],"mailer":{"on_insert":1,"sender_name":"Caldera Forms Notification","sender_email":"sarthakinaik97@gmail.com","reply_to":"","email_type":"html","recipients":"","bcc_to":"","email_subject":"Partners","email_message":"{summary}"},"settings":{"responsive":{"break_point":"sm"}},"conditional_groups":{"conditions":[]},"processors":[],"privacy_exporter_enabled":false,"version":"1.9.1","db_id":"18","type":"primary"}