{"ID":"CF5f1727fabd5da","_last_updated":"Wed, 22 Jul 2020 00:11:37 +0000","cf_version":"1.9.1","name":"quotes","scroll_top":0,"success":"Form has been successfully submitted. Thank you.\t\t\t\t\t\t\t\t\t\t\t\t\t\t\t\t\t\t\t\t\t\t\t\t\t\t\t\t\t\t","db_support":1,"pinned":0,"hide_form":1,"check_honey":1,"avatar_field":"","form_ajax":1,"custom_callback":"","layout_grid":{"fields":{"fld_9362119":"1:1","fld_8459524":"1:1","fld_8045611":"1:1","fld_6394896":"1:1","fld_7205877":"1:1","fld_6726008":"2:1","fld_6212797":"3:1","fld_7734346":"3:1","fld_5507532":"3:1","fld_1353025":"3:1","fld_540672":"3:1","fld_453718":"4:1","fld_8785014":"5:1","fld_8856043":"6:1","fld_1469293":"6:2","fld_1154368":"7:1","fld_7749911":"8:1","fld_5308638":"8:2","fld_6292022":"9:1","fld_1644920":"10:1","fld_6857636":"10:2","fld_8468828":"11:1","fld_6934695":"12:1","fld_2022231":"13:1"},"structure":"12|12#12|12#12|6:6|12|6:6|12#6:6|12|12|12"},"fields":{"fld_9362119":{"ID":"fld_9362119","type":"text","label":"GROOM NAME","slug":"groom_name","conditions":{"type":""},"required":1,"caption":"","entry_list":1,"config":{"custom_class":"","placeholder":"Enter Groom's Name","default":"","type_override":"text","mask":"","email_identifier":0,"personally_identifying":0}},"fld_8459524":{"ID":"fld_8459524","type":"text","label":"BRIDE NAME","slug":"bride_name","conditions":{"type":""},"required":1,"caption":"","entry_list":1,"config":{"custom_class":"","placeholder":"Enter Bride's Name","default":"","type_override":"text","mask":"","email_identifier":0,"personally_identifying":0}},"fld_8045611":{"ID":"fld_8045611","type":"date_picker","label":"WEDDING DATE","slug":"wedding_date","conditions":{"type":""},"required":1,"caption":"","entry_list":1,"config":{"custom_class":"","default":"","format":"yyyy-mm-dd","start_view":"month","start_date":"","end_date":"","language":"","email_identifier":0,"personally_identifying":0}},"fld_6394896":{"ID":"fld_6394896","type":"phone_better","label":"CONTACT NO","slug":"contact_no","conditions":{"type":""},"required":1,"caption":"","entry_list":1,"config":{"custom_class":"","placeholder":"Enter Contact Number","default":"","nationalMode":"on","email_identifier":0,"personally_identifying":0}},"fld_7205877":{"ID":"fld_7205877","type":"email","label":"EMAIL ID","slug":"email_id","conditions":{"type":""},"required":1,"caption":"","entry_list":1,"config":{"custom_class":"","placeholder":"Enter Email Id","default":"","email_identifier":0,"personally_identifying":0}},"fld_6726008":{"ID":"fld_6726008","type":"button","label":"NEXT","slug":"next_1","conditions":{"type":""},"caption":"","config":{"custom_class":"","type":"next","class":"btn btn-default","target":""}},"fld_6212797":{"ID":"fld_6212797","type":"number","label":"TOTAL DAYS OF WEDDING","slug":"total_days_of_wedding","conditions":{"type":""},"required":1,"caption":"","entry_list":1,"config":{"custom_class":"","placeholder":"Total days","default":"","min":"","max":"","step":"","email_identifier":0,"personally_identifying":0}},"fld_7734346":{"ID":"fld_7734346","type":"dropdown","label":"DESTINATION","slug":"destination_wedding","conditions":{"type":""},"required":1,"caption":"","entry_list":1,"config":{"custom_class":"","placeholder":"Destination Wedding?","default_option":"","auto_type":"","taxonomy":"category","post_type":"post","value_field":"name","orderby_tax":"name","orderby_post":"name","order":"ASC","default":"","option":{"opt1917329":{"calc_value":"Yes","value":"Yes","label":"Yes"},"opt1385296":{"calc_value":"No","value":"No","label":"No"}},"email_identifier":0,"personally_identifying":0}},"fld_5507532":{"ID":"fld_5507532","type":"dropdown","label":"WEDDING STYLE","slug":"wedding_style","conditions":{"type":""},"required":1,"caption":"","entry_list":1,"config":{"custom_class":"","placeholder":"Wedding Style","default_option":"","auto_type":"","taxonomy":"category","post_type":"post","value_field":"name","orderby_tax":"name","orderby_post":"name","order":"ASC","default":"","option":{"opt1983656":{"calc_value":"Modern","value":"Modern","label":"Modern"},"opt1409738":{"calc_value":"Contemporary","value":"Contemporary","label":"Contemporary"},"opt1329304":{"calc_value":"Traditional","value":"Traditional","label":"Traditional"},"opt1082987":{"calc_value":"Floral","value":"Floral","label":"Floral"},"opt1292825":{"calc_value":"Luxury","value":"Luxury","label":"Luxury"}},"email_identifier":0,"personally_identifying":0}},"fld_1353025":{"ID":"fld_1353025","type":"text","label":"VENUE TYPE","slug":"venue_type","conditions":{"type":""},"required":1,"caption":"","entry_list":1,"config":{"custom_class":"","placeholder":"Venue Type","default":"","type_override":"text","mask":"","email_identifier":0,"personally_identifying":0}},"fld_540672":{"ID":"fld_540672","type":"text","label":"WEDDING AREA","slug":"wedding_area","conditions":{"type":""},"required":1,"caption":"","entry_list":1,"config":{"custom_class":"","placeholder":"Wedding Area","default":"","type_override":"text","mask":"","email_identifier":0,"personally_identifying":0}},"fld_8785014":{"ID":"fld_8785014","type":"number","label":"TOTAL GUESTS","slug":"total_guests","conditions":{"type":""},"required":1,"caption":"","entry_list":1,"config":{"custom_class":"","placeholder":"Total Guests","default":"","min":"","max":"","step":"","email_identifier":0,"personally_identifying":0}},"fld_8856043":{"ID":"fld_8856043","type":"number","label":"TOTAL GROOMSMEN","slug":"total_groomsmen","conditions":{"type":""},"required":1,"caption":"","entry_list":1,"config":{"custom_class":"","placeholder":"Groomsmen","default":"","min":"","max":"","step":"","email_identifier":0,"personally_identifying":0}},"fld_1469293":{"ID":"fld_1469293","type":"number","label":"TOTAL BRIDESMAIDS","slug":"total_bridesmaids","conditions":{"type":""},"required":1,"caption":"","entry_list":1,"config":{"custom_class":"","placeholder":"Bridesmaids","default":"","min":"","max":"","step":"","email_identifier":0,"personally_identifying":0}},"fld_1154368":{"ID":"fld_1154368","type":"dropdown","label":"ACCOMODATION REQUIRED?","slug":"accom_req","conditions":{"type":""},"required":1,"caption":"","entry_list":1,"config":{"custom_class":"","placeholder":"Accomodation Required?","default_option":"","auto_type":"","taxonomy":"category","post_type":"post","value_field":"name","orderby_tax":"name","orderby_post":"name","order":"ASC","default":"","option":{"opt2063937":{"calc_value":"Yes","value":"Yes","label":"Yes"},"opt2025777":{"calc_value":"No","value":"No","label":"No"}},"email_identifier":0,"personally_identifying":0}},"fld_7749911":{"ID":"fld_7749911","type":"number","label":"ACCOMODATION REQUIRED FOR","slug":"accom_req_for","conditions":{"type":""},"caption":"","entry_list":1,"config":{"custom_class":"","placeholder":"Total Persons","default":"","min":"","max":"","step":"","email_identifier":0,"personally_identifying":0}},"fld_5308638":{"ID":"fld_5308638","type":"number","label":"NUMBER OF ROOMS","slug":"no_of_rooms","conditions":{"type":""},"caption":"","entry_list":1,"config":{"custom_class":"","placeholder":"No of Rooms","default":"","min":"","max":"","step":"","email_identifier":0,"personally_identifying":0}},"fld_1644920":{"ID":"fld_1644920","type":"number","label":"BUDGET FROM","slug":"budget_from","conditions":{"type":""},"required":1,"caption":"","entry_list":1,"config":{"custom_class":"","placeholder":"Budget From","default":"","min":"","max":"","step":"","email_identifier":0,"personally_identifying":0}},"fld_6857636":{"ID":"fld_6857636","type":"number","label":"BUDGET TO","slug":"to","conditions":{"type":""},"required":1,"caption":"","entry_list":1,"config":{"custom_class":"","placeholder":"Budget To","default":"","min":"","max":"","step":"","email_identifier":0,"personally_identifying":0}},"fld_8468828":{"ID":"fld_8468828","type":"text","label":"OTHER DETAILS","slug":"other_details_mention","conditions":{"type":""},"caption":"","entry_list":1,"config":{"custom_class":"","placeholder":"Please Mention","default":"","type_override":"text","mask":"","email_identifier":0,"personally_identifying":0}},"fld_6934695":{"ID":"fld_6934695","type":"cf2_file","label":"ANY REFERENCES TO BE SHARED","slug":"file","conditions":{"type":""},"caption":"","entry_list":1,"config":{"custom_class":"","multi_upload_text":"Select File +","attach":1,"allowed":"","max_upload":"","preview_height":"","preview_width":"","email_identifier":0,"personally_identifying":0}},"fld_453718":{"ID":"fld_453718","type":"button","label":"NEXT","slug":"next_2","conditions":{"type":""},"caption":"","config":{"custom_class":"","type":"next","class":"btn btn-default","target":""}},"fld_6292022":{"ID":"fld_6292022","type":"button","label":"NEXT","slug":"next","conditions":{"type":""},"caption":"","config":{"custom_class":"","type":"next","class":"btn btn-default","target":""}},"fld_2022231":{"ID":"fld_2022231","type":"button","label":"SUBMIT","slug":"submit","conditions":{"type":""},"caption":"","config":{"custom_class":"","type":"submit","class":"btn btn-default","target":""}}},"auto_progress":1,"page_names":["Personal","Venue","Guests","Other"],"mailer":{"on_insert":1,"sender_name":"Caldera Forms Notification","sender_email":"sarthakinaik97@gmail.com","reply_to":"","email_type":"html","recipients":"","bcc_to":"","email_subject":"New","email_message":"{summary}"},"settings":{"responsive":{"break_point":"sm"}},"conditional_groups":{"conditions":[]},"processors":[],"privacy_exporter_enabled":false,"version":"1.9.1","db_id":"7","type":"primary"}